{"name":"a0","fatr":0.12025929,"rank":1}
{"name":"a1","fatr":0.12255931,"rank":2}
{"name":"a2","fatr":0.1248593,"rank":3}
{"name":"a3","fatr":0.1271593,"rank":4}
{"name":"a4","fatr":0.12945929,"rank":5}
{"name":"a5","fatr":0.13175932,"rank":6}
{"name":"a6","fatr":0.13405931,"rank":7}
{"name":"a7","fatr":0.1363593,"rank":8}
{"name":"a8","fatr":0.1386593,"rank":9}
{"name":"a9","fatr":0.1409593,"rank":10}
{"name":"a10","fatr":0.1432593,"rank":11}
{"name":"a11","fatr":0.1455593,"rank":12}
{"name":"a12","fatr":0.14785929,"rank":13}
{"name":"a13","fatr":0.15015931,"rank":14}
{"name":"a14","fatr":0.15245931,"rank":15}
{"name":"a15","fatr":0.1547593,"rank":16}
{"name":"a16","fatr":0.1570593,"rank":17}
{"name":"a17","fatr":0.15935929,"rank":18}
{"name":"a18","fatr":0.16165929,"rank":19}
{"name":"a19","fatr":0.16395931,"rank":20}
{"name":"a20","fatr":0.1662593,"rank":21}
{"name":"a21","fatr":0.1685593,"rank":22}
{"name":"a22","fatr":0.17085929,"rank":23}
{"name":"a23","fatr":0.1731593,"rank":24}
{"name":"a24","fatr":0.1754593,"rank":25}
{"name":"a25","fatr":0.17775929,"rank":26}
{"name":"a26","fatr":0.18005928,"rank":27}
{"name":"a27","fatr":0.18235928,"rank":28}
{"name":"a28","fatr":0.1846593,"rank":29}
{"name":"a29","fatr":0.18695931,"rank":30}
{"name":"a30","fatr":0.1892593,"rank":31}
{"name":"a31","fatr":0.1915593,"rank":32}
{"name":"a32","fatr":0.1938593,"rank":33}
{"name":"a33","fatr":0.19615929,"rank":34}
{"name":"a34","fatr":0.19845928,"rank":35}
{"name":"a35","fatr":0.20075932,"rank":36}
{"name":"a36","fatr":0.20305927,"rank":37}
{"name":"a37","fatr":0.20535931,"rank":38}
{"name":"a38","fatr":0.2076593,"rank":39}
{"name":"a39","fatr":0.2099593,"rank":40}
{"name":"a40","fatr":0.2122593,"rank":41}
{"name":"a41","fatr":0.21455929,"rank":42}
{"name":"a42","fatr":0.21685928,"rank":43}
{"name":"a43","fatr":0.21915928,"rank":44}
{"name":"a44","fatr":0.22145931,"rank":45}
{"name":"a45","fatr":0.22375931,"rank":46}
{"name":"a46","fatr":0.2260593,"rank":47}
{"name":"a47","fatr":0.2283593,"rank":48}
{"name":"a48","fatr":0.23065929,"rank":49}
{"name":"a49","fatr":0.23295929,"rank":50}
{"name":"a50","fatr":0.23525928,"rank":51}
{"name":"a51","fatr":0.23755932,"rank":52}
{"name":"a52","fatr":0.23985928,"rank":53}
{"name":"a53","fatr":0.2421593,"rank":54}
{"name":"a54","fatr":0.2444593,"rank":55}
{"name":"a55","fatr":0.2467593,"rank":56}
{"name":"a56","fatr":0.24905929,"rank":57}
{"name":"a57","fatr":0.25135928,"rank":58}
{"name":"a58","fatr":0.25365928,"rank":59}
{"name":"a59","fatr":0.25595927,"rank":60}
{"name":"a60","fatr":0.25825933,"rank":61}
{"name":"a61","fatr":0.26055926,"rank":62}
{"name":"a62","fatr":0.2628593,"rank":63}
{"name":"a63","fatr":0.2651593,"rank":64}
{"name":"a64","fatr":0.2674593,"rank":65}
{"name":"a65","fatr":0.2697593,"rank":66}
{"name":"a66","fatr":0.2720593,"rank":67}
{"name":"a67","fatr":0.27435932,"rank":68}
{"name":"a68","fatr":0.27665928,"rank":69}
{"name":"a69","fatr":0.2789593,"rank":70}
{"name":"a70","fatr":0.28125927,"rank":71}
{"name":"a71","fatr":0.2835593,"rank":72}
{"name":"a72","fatr":0.2858593,"rank":73}
{"name":"a73","fatr":0.28815928,"rank":74}
{"name":"a74","fatr":0.29045928,"rank":75}
{"name":"a75","fatr":0.2927593,"rank":76}
{"name":"a76","fatr":0.29505932,"rank":77}
{"name":"a77","fatr":0.2973593,"rank":78}
{"name":"a78","fatr":0.2996593,"rank":79}
{"name":"a79","fatr":0.3019593,"rank":80}
{"name":"a80","fatr":0.3042593,"rank":81}
{"name":"a81","fatr":0.3065593,"rank":82}
{"name":"a82","fatr":0.3088593,"rank":83}
{"name":"a83","fatr":0.3111593,"rank":84}
{"name":"a84","fatr":0.31345928,"rank":85}
{"name":"a85","fatr":0.3157593,"rank":86}
{"name":"a86","fatr":0.31805927,"rank":87}
{"name":"a87","fatr":0.32035932,"rank":88}
{"name":"a88","fatr":0.3226593,"rank":89}
{"name":"a89","fatr":0.3249593,"rank":90}
{"name":"a90","fatr":0.3272593,"rank":91}
{"name":"a91","fatr":0.3295593,"rank":92}
{"name":"a92","fatr":0.33185932,"rank":93}
{"name":"a93","fatr":0.33415928,"rank":94}
{"name":"a94","fatr":0.3364593,"rank":95}
{"name":"a95","fatr":0.33875927,"rank":96}
{"name":"a96","fatr":0.3410593,"rank":97}
{"name":"a97","fatr":0.3433593,"rank":98}
{"name":"a98","fatr":0.3456593,"rank":99}
{"name":"a99","fatr":0.34795928,"rank":100}
